family,mu,sigma,gamma,base,probability,quantile,gradient_mu,gradient_sigma,gradient_gamma,cov11,cov12,cov13,cov22,cov23,cov33,variance_mle
PearsonTypeIII,2,3,-1.2,2.71828182845905,0.01,-7.44830964561176,0.999999999998039,-3.14943654854331,1.86654556621788,0.0899999999999999,-0.0539999999999999,0,0.0778417123158923,-0.0233541065357456,0.0166073646476413,1.53468452749583
LogPearsonTypeIII,0.3,0.2,-1.2,2.71828182845905,0.01,0.719004753722782,0.719004753722737,-2.26445984994559,0.0894703423433439,4e-04,-0.00024,0,0.000345963165848411,-0.00155694043571638,0.0166073646476414,0.00352614461746499
PearsonTypeIII,2,3,-1.2,2.71828182845905,0.83,4.7345915816387,0.999999999997299,0.911530527213995,0.264345413522913,0.0899999999999999,-0.0539999999999999,0,0.0778417123158923,-0.0233541065357456,0.0166073646476413,0.0461381774859358
LogPearsonTypeIII,0.3,0.2,-1.2,2.71828182845905,0.83,1.61980554071328,1.61980554071184,1.47650219850877,0.0285458776994349,4e-04,-0.00024,0,0.000345963165848411,-0.00155694043571638,0.0166073646476414,0.000538026513192351
PearsonTypeIII,2,3,-1.2,2.71828182845905,0.99,6.3482454995161,0.999999999998039,1.44941516650787,2.03260889520767,0.0899999999999999,-0.0539999999999999,0,0.0778417123158923,-0.0233541065357456,0.0166073646476413,0.0279998832609029
LogPearsonTypeIII,0.3,0.2,-1.2,2.71828182845905,0.99,1.8037774211679,1.80377742116803,2.61442235123939,0.244424935416345,4e-04,-0.00024,0,0.000345963165848411,-0.00155694043571638,0.0166073646476414,0.00040489237226354
PearsonTypeIII,2,3,-0.2,2.71828182845905,0.01,-5.41676844721624,0.999999999995819,-2.47225614907334,2.16946875306453,0.089999999999156,-0.00899999999997963,2.3283064365387e-15,0.0463365272712935,-0.00882107999052285,0.0582191279373897,0.786349056787591
LogPearsonTypeIII,0.3,0.2,-0.2,2.71828182845905,0.01,0.823286329104492,0.823286329104666,-2.03537468957515,0.119072931053787,0.000399999999997934,-3.99999999999389e-05,1.45519152283669e-16,0.00020594012120564,-0.000588071999359418,0.0582191279365284,0.00236883417446154
PearsonTypeIII,2,3,-0.2,2.71828182845905,0.83,4.86658266452312,0.99999999999915,0.955527554842048,0.00406242757803691,0.089999999999156,-0.00899999999997963,2.3283064365387e-15,0.0463365272712935,-0.00882107999052285,0.0582191279373897,0.115039756407425
LogPearsonTypeIII,0.3,0.2,-0.2,2.71828182845905,0.83,1.6341217612791,1.63412176127827,1.56144837086684,0.00044256675342987,0.000399999999997934,-3.99999999999389e-05,1.45519152283669e-16,0.00020594012120564,-0.000588071999359418,0.0582191279365284,0.00136531940315103
PearsonTypeIII,2,3,-0.2,2.71828182845905,0.99,8.53520508386125,1.00000000000359,2.17840169462185,2.23016718514361,0.089999999999156,-0.00899999999997963,2.3283064365387e-15,0.0463365272712935,-0.00882107999052285,0.0582191279373897,0.47452787142232
LogPearsonTypeIII,0.3,0.2,-0.2,2.71828182845905,0.99,2.08690130983367,2.08690130983051,4.54610934984815,0.310275921323599,0.000399999999997934,-3.99999999999389e-05,1.45519152283669e-16,0.00020594012120564,-0.000588071999359418,0.0582191279365284,0.00918508185533607
PearsonTypeIII,2,3,0,2.71828182845905,0.01,-4.97904362212252,1.00000000000211,-2.32634787404231,2.20594722404395,0.09,0,0,0.045,0,0.06,0.625507438714167
LogPearsonTypeIII,0.3,0.2,0,2.71828182845905,0.01,0.847665164110984,0.847665164111037,-1.97196405242841,0.124660307712632,4e-04,0,0,2e-04,0,0.06,0.00199755447613341
PearsonTypeIII,2,3,0,2.71828182845905,0.83,4.86249575943858,0.999999999996559,0.954165253148373,-0.0447843000313715,0.09,0,0,0.045,0,0.06,0.131089747875345
LogPearsonTypeIII,0.3,0.2,0,2.71828182845905,0.83,1.63367658855882,1.63367658855921,1.55879743568084,-0.00487753749870793,4e-04,0,0,2e-04,0,0.06,0.0015549569898227
PearsonTypeIII,2,3,0,2.71828182845905,0.99,8.97904362212252,1.00000000000137,2.32634787404231,2.20594722404766,0.09,0,0,0.045,0,0.06,0.625507438715014
LogPearsonTypeIII,0.3,0.2,0,2.71828182845905,0.99,2.14957376749287,2.14957376749296,5.00065636410104,0.316123085685183,4e-04,0,0,2e-04,0,0.06,0.0128456080853097
PearsonTypeIII,2,3,0.2,2.71828182845905,0.01,-4.53520508386125,1.00000000000285,-2.17840169462185,2.23016718516655,0.089999999999156,0.00899999999997963,2.3283064365387e-15,0.0463365272712935,0.00882107999052285,0.0582191279373897,0.474527871427293
LogPearsonTypeIII,0.3,0.2,0.2,2.71828182845905,0.01,0.873121690903407,0.873121690903311,-1.90200977107369,0.129813822913975,0.000399999999997934,3.99999999999389e-05,1.45519152283669e-16,0.00020594012120564,0.000588071999359418,0.0582191279365284,0.00160778792526281
PearsonTypeIII,2,3,0.2,2.71828182845905,0.83,4.84872195031142,0.99999999999989,0.949573983438522,-0.0928345241206034,0.089999999999156,0.00899999999997963,2.3283064365387e-15,0.0463365272712935,0.00882107999052285,0.0582191279373897,0.147820082943837
LogPearsonTypeIII,0.3,0.2,0.2,2.71828182845905,0.83,1.63217714713109,1.63217714713189,1.5498729552745,-0.0101014925820338,0.000399999999997934,3.99999999999389e-05,1.45519152283669e-16,0.00020594012120564,0.000588071999359418,0.0582191279365284,0.0017501912534363
PearsonTypeIII,2,3,0.2,2.71828182845905,0.99,9.41676844721623,0.999999999994709,2.47225614907087,2.16946875307341,0.089999999999156,0.00899999999997963,2.3283064365387e-15,0.0463365272712935,0.00882107999052285,0.0582191279373897,0.786349056789268
LogPearsonTypeIII,0.3,0.2,0.2,2.71828182845905,0.99,2.21322611098434,2.21322611098492,5.47166186216715,0.32010165941565,0.000399999999997934,3.99999999999389e-05,1.45519152283669e-16,0.00020594012120564,0.000588071999359418,0.0582191279365284,0.0171192377174164
PearsonTypeIII,2,3,1.2,2.71828182845905,0.01,-2.3482454995161,0.99999999999952,-1.44941516650787,2.0326088952089,0.0899999999999999,0.0539999999999999,0,0.0778417123158923,0.0233541065357456,0.0166073646476413,0.0279998832609374
LogPearsonTypeIII,0.3,0.2,1.2,2.71828182845905,0.01,1.01016831622758,1.01016831622724,-1.46415327826221,0.13688514034848,4e-04,0.00024,0,0.000345963165848411,0.00155694043571638,0.0166073646476414,0.000126987562816826
PearsonTypeIII,2,3,1.2,2.71828182845905,0.83,4.63926728428982,0.99999999999989,0.879755761431511,-0.322852764891548,0.0899999999999999,0.0539999999999999,0,0.0778417123158923,0.0233541065357456,0.0166073646476413,0.233725230823726
LogPearsonTypeIII,0.3,0.2,1.2,2.71828182845905,0.83,1.60954439147402,1.60954439147469,1.41600595167805,-0.0346430571333051,4e-04,0.00024,0,0.000345963165848411,0.00155694043571638,0.0166073646476414,0.0026910948023351
PearsonTypeIII,2,3,1.2,2.71828182845905,0.99,11.4483096456118,0.999999999996189,3.14943654854133,1.86654556622528,0.0899999999999999,0.0539999999999999,0,0.0778417123158923,0.0233541065357456,0.0166073646476413,1.53468452749506
LogPearsonTypeIII,0.3,0.2,1.2,2.71828182845905,0.99,2.53422357912955,2.53422357912851,7.98137636227418,0.315349585694458,4e-04,0.00024,0,0.000345963165848411,0.00155694043571638,0.0166073646476414,0.0438052790580856
LnNormal,10,2,0,2.71828182845905,0.01,6.18582067170488,0.921847351651017,-1.51632642241273,0,0.0399898453234073,0.0119974563493366,0,0.023996722607005,0,0,0.0556172314685104
LnNormal,1,1,0,2.71828182845905,0.01,0.10193853555074,0.295327587135364,-0.193389051585055,0,0.00933373687519046,0.0141382670143725,0,0.0285518574319185,0,0,0.000266932510354946
LogNormal,0.3,0.2,0,2,0.01,0.891761873670117,0.618122228465504,-1.43796733208736,0,4e-04,0,0,2e-04,0,0,0.000566380045359353
LogNormal,0.3,0.2,0,2.71828182845905,0.01,0.847665164110984,0.847665164110297,-1.97196405242841,0,4e-04,0,0,2e-04,0,0,0.00106514293699243
LogNormal,0.3,0.2,0,10,0.01,0.683487262097862,1.57378758095711,-3.66117739315275,0,4e-04,0,0,2e-04,0,0,0.00367156692081648
LnNormal,10,2,0,2.71828182845905,0.5,9.8058067569092,1.01829531706373,-0.18857320685924,0,0.0399898453234073,0.0119974563493366,0,0.023996722607005,0,0,0.0377122241859214
LnNormal,1,1,0,2.71828182845905,0.5,0.707106781186548,1.06066017177988,-0.353553390593138,0,0.00933373687519046,0.0141382670143725,0,0.0285518574319185,0,0,0.00346573590280161
LogNormal,0.3,0.2,0,2,0.5,1.23114441334492,0.853364278971536,-1.85037170770859e-13,0,4e-04,0,0,2e-04,0,0,0.000291292237049844
LogNormal,0.3,0.2,0,2.71828182845905,0.5,1.349858807576,1.34985880757702,3.70074341541719e-13,0,4e-04,0,0,2e-04,0,0,0.000728847520157306
LogNormal,0.3,0.2,0,10,0.5,1.99526231496888,4.59426126305951,0,0,4e-04,0,0,2e-04,0,0,0.00844289462129966
LnNormal,10,2,0,2.71828182845905,0.83,11.8454013760313,1.01059545018408,0.869723437078769,0,0.0399898453234073,0.0119974563493366,0,0.023996722607005,0,0,0.0800833827772956
LnNormal,1,1,0,2.71828182845905,0.83,1.5648986961984,1.45060689326996,0.11429180292899,0,0.00933373687519046,0.0141382670143725,0,0.0285518574319185,0,0,0.024701611084357
LogNormal,0.3,0.2,0,2,0.83,1.40525607388199,0.974049285574578,0.929403983147003,0,4e-04,0,0,2e-04,0,0,0.000552267157069241
LogNormal,0.3,0.2,0,2.71828182845905,0.83,1.63367658855882,1.63367658855921,1.55879743568084,0,4e-04,0,0,2e-04,0,0,0.00155352956749962
LogNormal,0.3,0.2,0,10,0.83,3.09622883319781,7.12933035581694,6.8025593037239,0,4e-04,0,0,2e-04,0,0,0.0295859031450853
LnNormal,10,2,0,2.71828182845905,0.99,15.544234347703,0.911924744293172,3.21249345239138,0,0.0399898453234073,0.0119974563493366,0,0.023996722607005,0,0,0.351199093130153
LnNormal,1,1,0,2.71828182845905,0.99,4.90491645086585,0.504645855332608,4.40027059554297,0,0.00933373687519046,0.0141382670143725,0,0.0285518574319185,0,0,0.617999208072161
LogNormal,0.3,0.2,0,2,0.99,1.69968756375774,1.17813364265177,2.74074869491714,0,4e-04,0,0,2e-04,0,0,0.00205754023371717
LogNormal,0.3,0.2,0,2.71828182845905,0.99,2.14957376749287,2.14957376749296,5.00065636409808,0,4e-04,0,0,2e-04,0,0,0.00684957976711646
LogNormal,0.3,0.2,0,10,0.99,5.82464652423173,13.4117442586409,31.2003827432987,0,4e-04,0,0,2e-04,0,0,0.26664273028934
